state_clean,district,total_child,total_all,child_ratio
uttar pradesh,Raebareli,0,3,0.0
sikkim,Mangan,0,3,0.0
west bengal,KOLKATA,0,1,0.0
uttar pradesh,Bagpat,0,1,0.0
tamil nadu,Namakkal   *,0,1,0.0
arunachal pradesh,Leparada,0,3,0.0
haryana,Jhajjar *,0,1,0.0
meghalaya,Eastern West Khasi Hills,3,818,0.003667481662591687
nagaland,Shamator,3,247,0.012145748987854251
karnataka,Bengaluru South,15,203,0.07389162561576355
meghalaya,Kamrup,13,143,0.09090909090909091
manipur,Pherzawl,1,11,0.09090909090909091
arunachal pradesh,Kamle,3,30,0.1
nagaland,Meluri,2,17,0.11764705882352941
sikkim,Namchi,3,24,0.125
rajasthan,Deeg ,1,8,0.125
meghalaya,South Garo Hills,568,4441,0.12789912181941004
mizoram,Khawzawl,5,36,0.1388888888888889
meghalaya,Ri Bhoi,1338,9308,0.1437473141383756
meghalaya,East Khasi Hills,4258,28812,0.14778564487019297
meghalaya,North Garo Hills,457,3069,0.14890843923101987
meghalaya,West Khasi Hills,2410,15898,0.15159139514404327
arunachal pradesh,Longding,141,897,0.15719063545150502
mizoram,Saitual,2,12,0.16666666666666666
meghalaya,East Garo Hills,1012,6052,0.16721744877726372
nagaland,Zunheboto,131,761,0.1721419185282523
bihar,Nawada,2742,15413,0.17790177123207682
nagaland,Kiphire,163,908,0.17951541850220265
bihar,Jehanabad,915,4883,0.18738480442351013
meghalaya,East Jaintia Hills,983,5133,0.1915059419442821
nagaland,Noklak,70,354,0.1977401129943503
nagaland,Chumukedima,37,184,0.20108695652173914
meghalaya,West Jaintia Hills,2382,11816,0.20159106296547055
assam,West Karbi Anglong,390,1884,0.2070063694267516
bihar,Arwal,812,3866,0.21003621314019658
nagaland,Wokha,118,558,0.2114695340501792
rajasthan,Deeg,13,61,0.21311475409836064
nagaland,Tseminyu,7,32,0.21875
arunachal pradesh,Kra Daadi,18,81,0.2222222222222222
arunachal pradesh,Shi-yomi,8,35,0.22857142857142856
meghalaya,South West Khasi Hills,789,3446,0.2289611143354614
nagaland,Longleng,205,889,0.23059617547806524
bihar,Bhojpur,3136,13357,0.23478325971400762
bihar,Gaya,6722,27401,0.2453195138863545
bihar,Nalanda,3676,14575,0.25221269296740995
arunachal pradesh,Kurung Kumey,19,75,0.25333333333333335
bihar,Purbi Champaran,4000,14871,0.26897989375294196
nagaland,Mokokchung,132,490,0.2693877551020408
manipur,Churachandpur,1256,4638,0.2708063820612333
bihar,Patna,6745,24644,0.27369745171238435
nagaland,Mon,618,2223,0.27800269905533065
meghalaya,West Garo Hills,4545,15875,0.2862992125984252
bihar,Aurangabad,3001,10170,0.2950835791543756
nagaland,Phek,309,1043,0.2962607861936721
bihar,Pashchim Champaran,5060,16359,0.3093098600158934
manipur,Tamenglong,297,960,0.309375
bihar,Saran,7592,24218,0.3134858369807581
manipur,Chandel,244,759,0.3214756258234519
arunachal pradesh,Lower Siang,10,31,0.3225806451612903
nagaland,Tuensang,512,1579,0.32425585813806207
uttar pradesh,Azamgarh,6717,20573,0.3264958926748651
odisha,Anugal,1,3,0.3333333333333333
uttar pradesh,Balrampur,4181,12324,0.3392567348263551
uttar pradesh,Jaunpur,5400,15853,0.340629533842175
uttar pradesh,Mau,2590,7579,0.34173373796015305
uttar pradesh,Shravasti,867,2535,0.34201183431952664
west bengal,Kalimpong,176,513,0.34307992202729043
uttar pradesh,Maharajganj,6132,17871,0.34312573443008226
bihar,Rohtas,2741,7939,0.34525758911701726
bihar,East Champaran,10147,29323,0.3460423558298946
nagaland,Kohima,562,1621,0.3466995681677977
uttar pradesh,Siddharthnagar,4875,14013,0.3478912438450011
bihar,Buxar,2528,7240,0.34917127071823206
nagaland,Dimapur,1118,3196,0.3498122653316646
bihar,Gopalganj,5303,15148,0.35007921837866385
nagaland,Peren,511,1454,0.35144429160935353
uttar pradesh,Shrawasti,1816,5117,0.3548954465507133
manipur,Kakching,39,109,0.3577981651376147
assam,Karbi Anglong,2918,8107,0.35993585790057975
manipur,Jiribam,53,145,0.36551724137931035
uttar pradesh,Siddharth Nagar,1603,4341,0.36926975351301544
uttar pradesh,Bahraich,14674,39338,0.3730235395800498
uttar pradesh,Gorakhpur,7454,19969,0.3732785818017928
arunachal pradesh,Siang,39,103,0.3786407766990291
bihar,Sheikpura,11,29,0.3793103448275862
bihar,West Champaran,11585,30438,0.38060976411065117
uttar pradesh,Ghazipur,4323,11288,0.3829730687455705
gujarat,Dohad,5003,13003,0.3847573636853034
bihar,Kaimur (Bhabua),3033,7825,0.3876038338658147
bihar,Sheikhpura,1244,3199,0.3888715223507346
manipur,Thoubal,423,1067,0.3964386129334583
assam,Tamulpur District,22,55,0.4
bihar,Siwan,6149,15311,0.40160668800209
bihar,Munger,2445,6087,0.40167570231641203
uttar pradesh,Varanasi,9479,23334,0.406231250535699
maharashtra,Chhatrapati Sambhajinagar,411,1010,0.4069306930693069
sikkim,South Sikkim,187,459,0.4074074074074074
uttar pradesh,Ballia,4079,9976,0.4088813151563753
sikkim,West Sikkim,206,501,0.4111776447105788
west bengal,Alipurduar,1521,3673,0.41410291315001363
bihar,Aurangabad(bh),44,105,0.41904761904761906
uttar pradesh,Kushinagar,4449,10611,0.41928187729714445
uttar pradesh,Sant Ravidas Nagar,1869,4420,0.42285067873303167
andhra pradesh,Sri Potti Sriramulu Nellore,689,1614,0.42688971499380424
uttar pradesh,Mainpuri,5056,11726,0.43117857752004096
bihar,Lakhisarai,2664,6155,0.43281884646628754
assam,Kamrup Metro,2654,6046,0.43896791266953356
manipur,Ukhrul,343,781,0.43918053777208704
uttar pradesh,Sant Ravidas Nagar Bhadohi,37,84,0.44047619047619047
sikkim,West,92,208,0.4423076923076923
gujarat,Banas Kantha,5997,13498,0.4442880426729886
gujarat,Sabar Kantha,1083,2437,0.4443988510463685
sikkim,South,88,197,0.4467005076142132
arunachal pradesh,Papum Pare,201,447,0.44966442953020136
bihar,Bhabua,14,31,0.45161290322580644
nagaland,Niuland,14,31,0.45161290322580644
uttar pradesh,Sant Kabir Nagar,2789,6169,0.4520992057059491
uttar pradesh,Banda,4825,10591,0.45557548862241526
uttar pradesh,Deoria,4700,10257,0.45822365214000194
bihar,Vaishali,8257,18007,0.4585438995946021
uttar pradesh,Kheri,11282,24578,0.45902839938156076
uttar pradesh,Chandauli,4405,9566,0.46048505122308175
manipur,Bishnupur,516,1117,0.4619516562220233
uttar pradesh,Kanpur Nagar,11427,24708,0.4624817872753764
uttar pradesh,Mirzapur,3536,7645,0.4625245258338784
assam,Tinsukia,3884,8384,0.46326335877862596
madhya pradesh,Alirajpur,3251,7010,0.4637660485021398
uttar pradesh,Kannauj,3083,6638,0.46444712262729737
andhra pradesh,Tirupati,802,1719,0.4665503199534613
jharkhand,Dumka,2743,5825,0.4709012875536481
assam,North Cachar Hills,501,1058,0.4735349716446125
uttar pradesh,Gautam Buddha Nagar,9002,18957,0.47486416627103445
assam,Dima Hasao,119,250,0.476
arunachal pradesh,East Siang,80,168,0.47619047619047616
arunachal pradesh,Lower Subansiri,50,105,0.47619047619047616
uttar pradesh,Basti,4823,10119,0.476628125308825
uttar pradesh,Sultanpur,5465,11434,0.4779604687773308
bihar,Purba Champaran,61,127,0.48031496062992124
bihar,Saharsa,6281,13063,0.48082370052820944
assam,Golaghat,5537,11505,0.4812690134724033
uttar pradesh,Ambedkar Nagar,3856,8002,0.48187953011747064
assam,Sivasagar,204,422,0.4834123222748815
uttar pradesh,Farrukhabad,2844,5870,0.48449744463373084
west bengal,Coochbehar,2140,4410,0.4852607709750567
west bengal,Kolkata,5028,10361,0.4852813434996622
uttar pradesh,Bhadohi,265,546,0.48534798534798534
bihar,Madhubani,12598,25930,0.48584650983416894
arunachal pradesh,East Kameng,88,181,0.4861878453038674
uttar pradesh,Gonda,7445,15267,0.48765310801074213
meghalaya,South West Garo Hills,2417,4956,0.4876916868442292
bihar,Muzaffarpur,14087,28855,0.48819961878357304
madhya pradesh,Jhabua,6586,13488,0.4882858837485172
arunachal pradesh,Upper Siang,21,43,0.4883720930232558
bihar,Sitamarhi,20679,42232,0.4896523962871756
manipur,Imphal East,559,1132,0.49381625441696114
maharashtra,Ahmednagar,182,368,0.4945652173913043
uttar pradesh,Kushi Nagar,779,1570,0.4961783439490446
bihar,Bhagalpur,10456,21062,0.49643908460734976
uttar pradesh,Mathura,5851,11746,0.49812702196492425
uttar pradesh,Prayagraj,1428,2865,0.49842931937172774
uttar pradesh,Hardoi,12591,25193,0.49978168538879847
west bengal,South 24 Pargana,1,2,0.5
arunachal pradesh,Pakke Kessang,2,4,0.5
telangana,Medchal?malkajgiri,1,2,0.5
bihar,Samstipur,41,82,0.5
jammu and kashmir,Rajauri,1,2,0.5
west bengal,Hawrah,3,6,0.5
west bengal,West Medinipur,1,2,0.5
tamil nadu,Tuticorin,1,2,0.5
bihar,Jamui,5193,10382,0.5001926411096128
uttar pradesh,Budaun,7773,15529,0.5005473629982613
uttar pradesh,Jalaun,2791,5557,0.5022494151520605
uttar pradesh,Kanpur Dehat,4032,8017,0.5029312710490208
west bengal,Medinipur West,325,645,0.5038759689922481
uttar pradesh,Kasganj,3206,6341,0.5055984860432109
bihar,Madhepura,4571,9027,0.5063697795502382
gujarat,Dahod,5341,10509,0.5082310400609001
manipur,Senapati,764,1501,0.5089940039973351
uttar pradesh,Baghpat,3482,6839,0.5091387629770434
jharkhand,Sahibganj,187,365,0.5123287671232877
rajasthan,Sirohi,5500,10732,0.5124860231084607
uttar pradesh,Unnao,9838,19148,0.5137873407144349
karnataka,Bengaluru Rural,1439,2790,0.5157706093189964
west bengal,24 Paraganas North,3177,6147,0.5168374816983895
uttar pradesh,Ghaziabad,11984,23070,0.5194625054182922
madhya pradesh,Sheopur,3765,7230,0.520746887966805
manipur,Imphal West,645,1236,0.5218446601941747
karnataka,Bengaluru Urban,12111,23074,0.5248764843546849
uttar pradesh,Sitapur,16237,30854,0.5262526738834511
uttar pradesh,Mahrajganj,10,19,0.5263157894736842
uttar pradesh,Shahjahanpur,12811,24291,0.5273969783047219
uttar pradesh,Aligarh,13830,26192,0.5280238240684179
uttar pradesh,Fatehpur,6526,12333,0.529149436471256
madhya pradesh,Ashoknagar,1594,3011,0.5293922284955165
bihar,Khagaria,4348,8196,0.5305026842362128
arunachal pradesh,Upper Subansiri,76,143,0.5314685314685315
arunachal pradesh,Lower Dibang Valley,58,109,0.5321100917431193
west bengal,Jalpaiguri,5674,10654,0.5325699267880608
andhra pradesh,Spsr Nellore,1167,2183,0.5345854328905176
gujarat,Surendranagar,771,1442,0.5346740638002774
chhattisgarh,Bijapur,3601,6724,0.5355443188578227
jharkhand,Giridih,7695,14303,0.5379990211843669
uttar pradesh,Lucknow,13739,25514,0.5384886728854746
gujarat,Chhotaudepur,2215,4107,0.5393231068906744
jharkhand,Khunti,1426,2644,0.5393343419062028
maharashtra,Chatrapati Sambhaji Nagar,114,211,0.5402843601895735
uttar pradesh,Amethi,3890,7197,0.5405029873558427
west bengal,Darjeeling,3967,7319,0.5420139363300998
uttar pradesh,Bulandshahr,9155,16885,0.5421972164643174
jharkhand,Deoghar,4518,8324,0.5427679000480539
sikkim,East Sikkim,184,339,0.5427728613569321
uttar pradesh,Agra,16314,29910,0.5454363089267803
uttar pradesh,Chitrakoot,2951,5401,0.5463802999444547
assam,Kokrajhar,2519,4609,0.5465393794749404
bihar,Supaul,5691,10411,0.5466333685524926
uttar pradesh,Sambhal,4744,8677,0.546732741731013
jharkhand,Chatra,3448,6302,0.5471278959060616
tripura,Dhalai,777,1420,0.5471830985915493
uttar pradesh,Allahabad,7254,13249,0.5475130198505548
assam,Dibrugarh,3895,7062,0.5515434721042197
assam,Charaideo,659,1189,0.5542472666105971
punjab,Kapurthala,2067,3726,0.5547504025764896
west bengal,Dinajpur Uttar,6478,11671,0.5550509810641762
madhya pradesh,Shivpuri,7127,12741,0.5593752452711718
bihar,Banka,6198,11074,0.5596893624706519
assam,Dhemaji,3864,6901,0.5599188523402405
delhi,New Delhi,918,1637,0.5607819181429444
rajasthan,Bikaner,7464,13283,0.5619212527290521
rajasthan,Jalor,7882,13991,0.5633621613894647
arunachal pradesh,West Kameng,157,278,0.564748201438849
uttar pradesh,Pratapgarh,5866,10308,0.5690725649980598
mizoram,Saiha,374,657,0.5692541856925418
assam,Sibsagar,1561,2737,0.5703324808184144
gujarat,Banaskantha,9944,17360,0.5728110599078341
arunachal pradesh,West Siang,110,192,0.5729166666666666
assam,Baksa,2120,3699,0.5731278723979454
jharkhand,Pakur,3971,6924,0.5735124205661467
maharashtra,Dhule,7244,12605,0.5746925823086076
jharkhand,Sahebganj,3636,6321,0.5752254390128144
chhattisgarh,Sukma,1256,2179,0.5764111977971547
jharkhand,Pashchimi Singhbhum,346,599,0.5776293823038398
assam,Darrang,4390,7595,0.5780118499012509
tripura,Khowai,196,339,0.5781710914454278
rajasthan,Banswara,4203,7263,0.5786864931846345
rajasthan,Udaipur,8641,14906,0.579699449885952
telangana,Medchal Malkajgiri,409,704,0.5809659090909091
uttar pradesh,Auraiya,2169,3733,0.5810340208947228
sikkim,East,215,370,0.581081081081081
assam,Udalguri,2658,4565,0.5822562979189485
uttar pradesh,Etawah,4173,7154,0.5833100363433045
uttar pradesh,Kaushambi,4356,7463,0.5836794854616106
uttar pradesh,Faizabad,4052,6926,0.5850418712099336
jharkhand,East Singhbum,848,1447,0.5860400829302004
madhya pradesh,Barwani,12801,21823,0.5865829629290198
uttar pradesh,Hathras,3815,6493,0.5875558293546896
bihar,Samastipur,11289,19207,0.5877544645181444
chhattisgarh,Narayanpur,448,762,0.5879265091863517
odisha,Jajpur,10,17,0.5882352941176471
uttar pradesh,Hamirpur,2040,3465,0.5887445887445888
rajasthan,Dungarpur,3869,6571,0.5887992695175772
uttar pradesh,Firozabad,7250,12300,0.5894308943089431
rajasthan,Jaisalmer,1683,2854,0.5896986685353889
uttar pradesh,Barabanki,1401,2375,0.5898947368421052
uttar pradesh,Meerut,14177,24027,0.5900445332334457
bihar,Monghyr,29,49,0.5918367346938775
jharkhand,Kodarma,184,310,0.5935483870967742
assam,Biswanath,789,1329,0.5936794582392777
assam,Jorhat,2905,4887,0.5944342132187436
uttar pradesh,Sonbhadra,2998,5034,0.5955502582439413
arunachal pradesh,Tirap,59,99,0.5959595959595959
uttar pradesh,Rae Bareli,5812,9729,0.5973892486380923
assam,Sonitpur,5501,9197,0.5981298249429162
uttar pradesh,Rampur,12051,20110,0.5992541024365987
uttar pradesh,Etah,6760,11264,0.6001420454545454
rajasthan,Bharatpur,10236,17054,0.6002110941714554
jharkhand,Godda,3238,5390,0.6007421150278293
assam,Chirang,2013,3348,0.6012544802867383
rajasthan,Jalore,298,494,0.6032388663967612
jharkhand,Bokaro,3505,5800,0.6043103448275862
arunachal pradesh,Changlang,486,803,0.6052303860523038
madhya pradesh,East Nimar,2338,3859,0.6058564394920964
uttar pradesh,Ayodhya,1027,1693,0.6066154754873007
bihar,Purnia,12195,20100,0.6067164179104477
uttar pradesh,Muzaffarnagar,7250,11949,0.6067453343376015
madhya pradesh,Bhind,8483,13967,0.6073602062003294
gujarat,Dang,531,872,0.6089449541284404
jharkhand,Gumla,4083,6701,0.6093120429786599
gujarat,Panch Mahals,858,1402,0.6119828815977175
uttar pradesh,Hapur,4450,7262,0.612778848801983
bihar,Begusarai,8106,13209,0.6136724960254372
arunachal pradesh,Lohit,102,166,0.6144578313253012
jharkhand,West Singhbhum,4211,6848,0.6149240654205608
gujarat,Ahmadabad,4105,6667,0.6157192140392981
rajasthan,Churu,7888,12780,0.6172143974960876
rajasthan,Chittorgarh,3698,5986,0.6177748078850651
uttar pradesh,Bareilly,17187,27811,0.6179928805149042
maharashtra,Dharashiv,89,144,0.6180555555555556
uttar pradesh,Bulandshahar,115,185,0.6216216216216216
arunachal pradesh,Anjaw,23,37,0.6216216216216216
jharkhand,Dhanbad,6878,11031,0.6235155470945517
tripura,South Tripura,1348,2158,0.6246524559777572
bihar,Aurangabad(BH),5,8,0.625
chhattisgarh,Mohla-Manpur-Ambagarh Chouki,162,259,0.6254826254826255
madhya pradesh,Morena,14064,22381,0.628390152361378
assam,Karimganj,9336,14833,0.6294074024135374
jharkhand,Hazaribag,358,566,0.6325088339222615
jharkhand,Seraikela-kharsawan,545,861,0.6329849012775842
arunachal pradesh,Namsai,95,150,0.6333333333333333
bihar,Sheohar,2067,3262,0.6336603310852238
chhattisgarh,Gaurella Pendra Marwahi,623,983,0.6337741607324516
bihar,Darbhanga,10017,15765,0.635394862036156
uttar pradesh,Bara Banki,5776,9086,0.6357032797710764
telangana,Ranga Reddy,181,284,0.6373239436619719
bihar,Araria,9939,15579,0.6379741960331216
uttar pradesh,Jhansi,4570,7160,0.638268156424581
jharkhand,Ramgarh,1902,2979,0.6384692849949648
chhattisgarh,Manendragarh–Chirmiri–Bharatpur,188,294,0.6394557823129252
jharkhand,Latehar,1675,2609,0.6420084323495592
assam,Marigaon,6735,10487,0.6422237055401926
uttar pradesh,Pilibhit,8791,13635,0.6447378071140447
madhya pradesh,Chhatarpur,11504,17836,0.6449876653958286
tripura,Sepahijala,1121,1728,0.6487268518518519
chhattisgarh,Kondagaon,1975,3038,0.6500987491770902
jharkhand,Koderma,2096,3222,0.6505276225946617
madhya pradesh,Gwalior,12110,18542,0.6531118541689138
jharkhand,Ranchi,9318,14265,0.6532071503680337
chhattisgarh,Jashpur,1666,2543,0.6551317341722375
assam,Cachar,11474,17514,0.6551330364280005
assam,Bajali,19,29,0.6551724137931034
uttar pradesh,Mahoba,1979,3020,0.6552980132450331
rajasthan,Jodhpur,14563,22215,0.6555480531172632
madhya pradesh,Khargone,9870,15039,0.6562936365449831
assam,Lakhimpur,4726,7199,0.6564800666759272
bihar,Purnea,169,257,0.6575875486381323
delhi,Shahdara,1121,1700,0.6594117647058824
karnataka,Bengaluru,20441,30980,0.6598127824402841
kerala,Ernakulam,4185,6324,0.6617647058823529
jammu and kashmir,Reasi,1136,1715,0.6623906705539359
jharkhand,Pakaur,197,297,0.6632996632996633
rajasthan,Barmer,10522,15851,0.6638066998927512
gujarat,Kachchh,6176,9302,0.6639432380133304
jharkhand,Hazaribagh,4125,6204,0.6648936170212766
west bengal,Koch Bihar,2227,3348,0.6651732377538829
maharashtra,Thane,29092,43688,0.6659036806445706
rajasthan,Dholpur,5719,8580,0.6665501165501165
west bengal,nadia,2,3,0.6666666666666666
west bengal,HOWRAH,2,3,0.6666666666666666
assam,Dhubri,8432,12646,0.6667721018503875
rajasthan,Dhaulpur,93,139,0.6690647482014388
odisha,Nabarangapur,4175,6232,0.6699293966623877
jharkhand,Lohardaga,1984,2959,0.6704967894558973
gujarat,Ahmedabad,12844,19130,0.6714061683220073
gujarat,Patan,6023,8967,0.6716850674696108
kerala,Kannur,4013,5965,0.6727577535624476
rajasthan,Nagaur,11618,17267,0.6728441535877686
madhya pradesh,Pandhurna,66,98,0.673469387755102
assam,Majuli,347,515,0.6737864077669903
rajasthan,Alwar,15764,23383,0.6741649916606082
uttar pradesh,Shamli,5530,8200,0.6743902439024391
madhya pradesh,Burhanpur,6542,9689,0.6751986789142327
rajasthan,Jhunjhunu,210,311,0.6752411575562701
arunachal pradesh,Tawang,104,154,0.6753246753246753
west bengal,Cooch Behar,7262,10728,0.6769202087994034
tripura,Unakoti,433,639,0.6776212832550861
west bengal,Maldah,1190,1756,0.6776765375854215
west bengal,Paschim Bardhaman,865,1276,0.6778996865203761
rajasthan,Karauli,5857,8636,0.6782075034738305
rajasthan,Sawai Madhopur,4575,6744,0.6783807829181495
west bengal,Haora,1943,2862,0.6788958770090846
assam,Sribhumi,115,169,0.6804733727810651
assam,Kamrup,9311,13666,0.6813259183374799
rajasthan,Rajsamand,3078,4512,0.6821808510638298
tripura,Gomati,464,679,0.6833578792341679
madhya pradesh,Datia,3995,5843,0.6837241143248332
west bengal,Uttar Dinajpur,18397,26892,0.6841067975606128
kerala,Kozhikode,4587,6704,0.6842183770883055
haryana,Gurugram,1804,2636,0.6843702579666161
maharashtra,Mumbai Suburban,12480,18216,0.6851119894598156
delhi,North East Delhi,8299,12113,0.6851316767109716
assam,Hailakandi,3826,5578,0.6859089279311581
jammu and kashmir,Ramban,1317,1920,0.6859375
maharashtra,Palghar,7343,10699,0.6863258248434433
madhya pradesh,Dhar,8734,12712,0.6870673379483953
mizoram,Kolasib,189,275,0.6872727272727273
tamil nadu,Chengalpattu,862,1253,0.6879489225857941
rajasthan,Jaipur,21436,31146,0.6882424709432993
west bengal,Purulia,539,783,0.6883780332056194
uttar pradesh,Amroha,5605,8142,0.6884057971014492
mizoram,Champhai,805,1165,0.6909871244635193
rajasthan,Pali,6300,9114,0.6912442396313364
bihar,Katihar,11332,16350,0.6930886850152905
punjab,Ludhiana,12209,17614,0.6931418190076076
gujarat,Morbi,5548,8004,0.6931534232883558
kerala,Thrissur,4914,7071,0.6949512091641917
assam,Goalpara,6881,9898,0.6951909476661952
rajasthan,Pratapgarh,2643,3794,0.6966262519768055
rajasthan,Dausa,4277,6133,0.6973748573292027
assam,Nalbari,2709,3881,0.6980159752641072
punjab,S.A.S Nagar,493,705,0.699290780141844
assam,Nagaon,9002,12873,0.6992930940728657
delhi,Central Delhi,2761,3947,0.6995186217380289
delhi,Najafgarh,21,30,0.7
arunachal pradesh,Dibang Valley,7,10,0.7
kerala,Malappuram,10205,14567,0.7005560513489394
tripura,West Tripura,1963,2802,0.7005710206995004
rajasthan,Bundi,3414,4872,0.7007389162561576
tripura,North Tripura,1046,1488,0.7029569892473119
gujarat,Sabarkantha,3603,5115,0.7043988269794721
uttar pradesh,Moradabad,15196,21545,0.7053144581109306
delhi,North Delhi,3148,4459,0.7059878896613591
rajasthan,Jhalawar,4978,7036,0.7075042637862422
jharkhand,Seraikela-Kharsawan,2398,3389,0.7075833579226911
andhra pradesh,Mahbubnagar,511,722,0.7077562326869806
gujarat,Surendra Nagar,4853,6855,0.7079504011670313
jharkhand,Simdega,1472,2079,0.708032708032708
mizoram,Lawngtlai,1164,1642,0.7088915956151035
west bengal,Dinajpur Dakshin,707,997,0.7091273821464393
madhya pradesh,Khandwa,3207,4521,0.7093563370935634
rajasthan,Bhilwara,7865,11083,0.7096454028692593
rajasthan,Tonk,4198,5915,0.7097210481825866
jharkhand,Jamtara,3160,4450,0.7101123595505618
uttar pradesh,Lalitpur,3376,4753,0.7102882390069429
maharashtra,Aurangabad,12374,17393,0.711435635025585
kerala,Alappuzha,2536,3559,0.7125597077830851
west bengal,Howrah,8139,11411,0.7132591359214793
chhattisgarh,Koriya,1258,1763,0.7135564378899603
andhra pradesh,Mahabub Nagar,1079,1511,0.71409662475182
chhattisgarh,Mohalla-Manpur-Ambagarh Chowki,10,14,0.7142857142857143
uttar pradesh,Saharanpur,13708,19166,0.7152248773870395
tamil nadu,Kanchipuram,277,387,0.7157622739018088
rajasthan,Sikar,8163,11400,0.7160526315789474
kerala,Pathanamthitta,1398,1951,0.716555612506407
mizoram,Aizawl,762,1059,0.7195467422096318
madhya pradesh,Ashok Nagar,3726,5178,0.7195828505214369
telangana,Khammam,2800,3888,0.720164609053498
delhi,West Delhi,14000,19414,0.7211290821056969
gujarat,Gandhinagar,4075,5650,0.7212389380530974
assam,South Salmara Mankachar,1062,1472,0.7214673913043478
gujarat,Surat,18412,25469,0.7229180572460638
rajasthan,Baran,4532,6267,0.7231530237753311
west bengal,South Twenty Four Parganas,2978,4107,0.7251034818602387
odisha,Koraput,3266,4502,0.7254553531763661
chhattisgarh,Bastar,4794,6608,0.7254842615012107
kerala,Thiruvananthapuram,4836,6663,0.7257991895542548
sikkim,North Sikkim,45,62,0.7258064516129032
west bengal,Hooghly,11149,15354,0.7261299986974078
uttar pradesh,Jyotiba Phule Nagar,61,84,0.7261904761904762
maharashtra,Nashik,16262,22368,0.7270207439198856
maharashtra,Nandurbar,7649,10516,0.7273678204640548
gujarat,Rajkot,12419,17070,0.7275336848271822
maharashtra,Mumbai,10594,14552,0.7280098955470038
madhya pradesh,Panna,6807,9339,0.7288788949566335
jharkhand,East Singhbhum,5983,8191,0.730435844219265
west bengal,Puruliya,9674,13219,0.7318254028292609
maharashtra,Beed,7454,10185,0.7318605792832596
assam,Bongaigaon,2324,3175,0.7319685039370079
jammu and kashmir,Kargil,388,530,0.7320754716981132
assam,Barpeta,10545,14383,0.7331571994715984
rajasthan,Hanumangarh,3628,4940,0.734412955465587
rajasthan,Kota,5545,7525,0.7368770764119601
west bengal,Darjiling,535,726,0.7369146005509641
tamil nadu,Kancheepuram,9629,13050,0.7378544061302682
odisha,Nabarangpur,327,442,0.7398190045248869
gujarat,Devbhumi Dwarka,1845,2490,0.7409638554216867
ladakh,Kargil,365,492,0.741869918699187
chhattisgarh,Balrampur,4593,6190,0.7420032310177705
kerala,Kottayam,2465,3321,0.7422463113520024
west bengal,24 Paraganas South,364,490,0.7428571428571429
chhattisgarh,Khairagarh Chhuikhadan Gandai,183,246,0.7439024390243902
west bengal,Malda,11775,15815,0.7445463167878597
jharkhand,Garhwa,4523,6073,0.7447719413798781
mizoram,Lunglei,541,726,0.7451790633608816
madhya pradesh,Narsinghpur,3860,5174,0.7460378817162737
tamil nadu,The Nilgiris,1279,1714,0.7462077012835473
maharashtra,Sangli,5697,7632,0.7464622641509434
west bengal,South 24 Parganas,25039,33540,0.7465414430530709
telangana,Mulugu,700,937,0.7470651013874067
odisha,Kalahandi,3361,4496,0.7475533807829181
jammu and kashmir,Shopian,308,412,0.7475728155339806
west bengal,Nadia,13244,17710,0.7478260869565218
madhya pradesh,Indore,16685,22303,0.7481056360130924
assam,Hojai,5288,7050,0.7500709219858156
delhi,East Delhi,8055,10736,0.750279433681073
delhi,South West Delhi,6951,9255,0.7510534846029173
west bengal,West Midnapore,1647,2190,0.7520547945205479
west bengal,North 24 Parganas,21517,28606,0.7521848563238481
kerala,Kollam,3814,5069,0.7524166502268692
telangana,Medchal-malkajgiri,3064,4070,0.7528255528255529
maharashtra,Raigad,2585,3433,0.7529857267695893
west bengal,North Twenty Four Parganas,1226,1627,0.7535341118623233
rajasthan,Jhunjhunun,5749,7611,0.7553540927604783
chhattisgarh,Surajpur,2250,2977,0.7557944239166947
telangana,Mahabubnagar,7689,10168,0.7561959087332809
odisha,Bhadrak,3701,4891,0.7566959721938253
delhi,South Delhi,10138,13395,0.756849570735349
maharashtra,Nandurbar *,106,140,0.7571428571428571
west bengal,Bardhaman,1345,1776,0.7573198198198198
gujarat,Vadodara,9306,12284,0.757570823835884
tamil nadu,Pudukkottai,5339,7045,0.7578424414478353
kerala,Kasaragod,2695,3555,0.7580872011251758
rajasthan,Ajmer,9200,12135,0.7581376184590028
maharashtra,Pune,24088,31763,0.7583666530239587
telangana,Hyderabad,19721,25990,0.7587918430165448
telangana,Wanaparthy,1266,1667,0.7594481103779244
rajasthan,Ganganagar,4186,5504,0.7605377906976745
jharkhand,Palamu,6548,8606,0.7608645131303742
tamil nadu,Tiruvallur,8712,11435,0.7618714473108876
tamil nadu,Thiruvallur,461,605,0.7619834710743801
west bengal,Hugli,148,194,0.7628865979381443
madhya pradesh,Guna,7496,9811,0.7640403628580165
delhi,North East,1328,1738,0.7640966628308401
gujarat,Gir Somnath,4375,5723,0.7644591997204263
tamil nadu,Chennai,7686,10043,0.7653091705665638
the dadra and nagar haveli and daman and diu,Dadra And Nagar Haveli,548,716,0.7653631284916201
jammu and kashmir,Doda,3449,4504,0.7657637655417406
maharashtra,Latur,5828,7607,0.766136453266728
delhi,South East Delhi,46,60,0.7666666666666667
andhra pradesh,Khammam,869,1133,0.7669902912621359
maharashtra,Nanded,9164,11947,0.7670544906671131
odisha,Mayurbhanj,6258,8154,0.7674760853568801
uttar pradesh,Bijnor,12935,16851,0.767610230846834
gujarat,Panchmahals,4828,6279,0.7689122471731168
madhya pradesh,Katni,8413,10941,0.7689425098254273
west bengal,North Dinajpur,263,342,0.7690058479532164
tamil nadu,Dindigul,4678,6083,0.7690284399145159
jharkhand,Palamau,220,286,0.7692307692307693
kerala,Palakkad,5174,6724,0.7694824509220702
gujarat,Kheda,5826,7567,0.7699220298665257
west bengal,Jhargram,741,962,0.7702702702702703
madhya pradesh,Vidisha,7998,10374,0.7709658762290341
delhi,North West Delhi,12395,16043,0.7726111076481955
sikkim,North,34,44,0.7727272727272727
maharashtra,Bid,439,568,0.772887323943662
jammu and kashmir,Rajouri,2071,2674,0.7744951383694839
karnataka,Yadgir,4847,6258,0.7745286033876638
telangana,Bhadradri Kothagudem,2490,3211,0.7754593584553099
maharashtra,Solapur,9537,12292,0.775870484868207
maharashtra,Hingoli,6359,8189,0.7765294907803151
odisha,jajpur,14,18,0.7777777777777778
karnataka,Bijapur,3296,4231,0.7790120538879698
karnataka,Raichur,7619,9779,0.7791185192759996
telangana,K.v. Rangareddy,13564,17409,0.7791372278706417
odisha,Rayagada,2516,3226,0.7799132052076876
haryana,Faridabad,12607,16155,0.7803775920767564
gujarat,Botad,2302,2947,0.7811333559552087
gujarat,Valsad,5818,7448,0.7811493018259935
madhya pradesh,Tikamgarh,5674,7242,0.7834852250759459
mizoram,Serchhip,80,102,0.7843137254901961
andhra pradesh,Rangareddi,1478,1883,0.7849176845459374
jammu and kashmir,Punch,2064,2629,0.7850893875998478
jammu and kashmir,Bandipore,1288,1639,0.7858450274557657
uttarakhand,Haridwar,4688,5955,0.7872376154492023
west bengal,Paschim Medinipur,14240,18085,0.7873928670168648
maharashtra,Jalgaon,10454,13260,0.7883861236802413
andhra pradesh,K.v. Rangareddy,15,19,0.7894736842105263
haryana,Gurgaon,5417,6861,0.7895350531992421
telangana,Rangareddy,237,300,0.79
maharashtra,Mumbai City,2314,2929,0.7900307272106522
punjab,Amritsar,7633,9655,0.7905748316934231
madhya pradesh,Sehore,5155,6518,0.7908867750843818
telangana,Jayashankar Bhupalpally,670,847,0.7910271546635183
jammu and kashmir,Leh,163,206,0.7912621359223301
telangana,Nagarkurnool,1077,1361,0.7913299044819986
andhra pradesh,Hyderabad,3831,4840,0.7915289256198347
maharashtra,Ahmadnagar,9369,11836,0.7915680973301791
bihar,Kishanganj,6957,8764,0.793815609310817
gujarat,Mahisagar,2036,2563,0.7943815840811549
tamil nadu,Coimbatore,7139,8986,0.7944580458490986
odisha,JAJPUR,1967,2472,0.7957119741100324
odisha,Baleshwar,978,1229,0.7957689178193653
gujarat,Porbandar,2006,2519,0.796347757046447
kerala,Kasargod,251,315,0.7968253968253968
odisha,Cuttack,4305,5402,0.7969270640503517
andhra pradesh,K.V.Rangareddy,55,69,0.7971014492753623
maharashtra,Yavatmal,6054,7594,0.7972083223597577
tamil nadu,Thanjavur,5881,7372,0.7977482365708085
tamil nadu,Ariyalur,1927,2412,0.798922056384743
odisha,Kendrapara,3210,4015,0.7995018679950187
west bengal,Bankura,9083,11355,0.7999119330691326
west bengal,hooghly,8,10,0.8
dadra and nagar haveli and daman and diu,Daman,104,130,0.8
madhya pradesh,Rajgarh,6542,8171,0.8006363970138294
odisha,Nuapada,1668,2083,0.8007681228996639
jammu and kashmir,Kulgam,970,1211,0.800990916597853
rajasthan,Chittaurgarh,286,357,0.8011204481792717
andhra pradesh,Adilabad,1137,1419,0.8012684989429175
tamil nadu,Thiruvarur,3346,4165,0.8033613445378152
madhya pradesh,Dewas,8393,10442,0.8037732235203984
telangana,Vikarabad,2085,2593,0.8040879290397224
gujarat,The Dangs,1068,1328,0.8042168674698795
gujarat,Anand,5616,6980,0.8045845272206303
punjab,Jalandhar,3314,4118,0.8047595920349684
karnataka,Bidar,3960,4920,0.8048780487804879
madhya pradesh,Ratlam,6427,7982,0.8051866700075169
odisha,Kendujhar,4369,5426,0.8051971986730556
chhattisgarh,Surguja,2866,3556,0.8059617547806525
gujarat,Amreli,3460,4293,0.8059631959003029
jammu and kashmir,Shupiyan,537,666,0.8063063063063063
maharashtra,Parbhani,5062,6272,0.8070790816326531
odisha,Jajapur,2107,2608,0.807898773006135
ladakh,Leh,101,125,0.808
odisha,Balangir,4582,5670,0.8081128747795414
uttarakhand,Hardwar,118,146,0.8082191780821918
chhattisgarh,Uttar Bastar Kanker,718,888,0.8085585585585585
odisha,Baleswar,4866,6018,0.8085742771684945
west bengal,Barddhaman,12816,15836,0.8092952765849962
odisha,Khorda,3497,4317,0.8100532777391707
andhra pradesh,Warangal,858,1059,0.8101983002832861
odisha,Baudh,142,175,0.8114285714285714
telangana,Nalgonda,5405,6661,0.8114397237652005
maharashtra,Mumbai( Sub Urban ),340,419,0.8114558472553699
jammu and kashmir,Jammu,3749,4620,0.8114718614718615
punjab,SAS Nagar (Mohali),2398,2953,0.812055536742296
madhya pradesh,Harda,1733,2134,0.8120899718837863
madhya pradesh,Narsimhapur,966,1189,0.8124474348191758
madhya pradesh,West Nimar,618,760,0.8131578947368421
maharashtra,Ahmed Nagar,277,340,0.8147058823529412
telangana,Jangaon,66,81,0.8148148148148148
andhra pradesh,Nalgonda,951,1167,0.8149100257069408
gujarat,Mahesana,5289,6490,0.8149460708782743
telangana,Medak,6158,7544,0.8162778366914104
gujarat,Arvalli,1952,2391,0.8163948138854036
odisha,Dhenkanal,2466,3017,0.8173682466025853
maharashtra,Raigarh(MH),72,88,0.8181818181818182
goa,North Goa,1109,1354,0.8190546528803545
tamil nadu,Krishnagiri,4157,5075,0.8191133004926109
tamil nadu,Nagapattinam,3315,4047,0.8191252779836916
odisha,Anugul,159,194,0.8195876288659794
chhattisgarh,Sakti,373,455,0.8197802197802198
tamil nadu,Tiruppur,5078,6192,0.8200904392764858
maharashtra,Osmanabad,3303,4026,0.8204172876304023
west bengal,Dakshin Dinajpur,5358,6526,0.8210235979160282
tamil nadu,Salem,8417,10249,0.8212508537418285
madhya pradesh,Raisen,6215,7567,0.821329456852121
chhattisgarh,Gaurela-pendra-marwahi,115,140,0.8214285714285714
punjab,Malerkotla,711,865,0.8219653179190751
uttarakhand,Dehradun,7797,9485,0.8220347917764892
gujarat,Jamnagar,4998,6078,0.8223099703849951
chhattisgarh,Dantewada,584,710,0.8225352112676056
madhya pradesh,Agar Malwa,2087,2537,0.8226251478123768
madhya pradesh,Umaria,4360,5300,0.8226415094339623
telangana,Sangareddy,2224,2703,0.8227894931557529
andhra pradesh,Visakhapatanam,186,226,0.8230088495575221
karnataka,Bangalore,5776,7016,0.8232611174458381
karnataka,Ramanagara,168,204,0.8235294117647058
kerala,Idukki,1399,1698,0.8239104829210836
madhya pradesh,Niwari,117,142,0.823943661971831
goa,South Goa,805,977,0.8239508700102354
jharkhand,Garhwa *,314,381,0.8241469816272966
tamil nadu,Kallakurichi,877,1064,0.8242481203007519
mizoram,Mamit,141,171,0.8245614035087719
madhya pradesh,Harda *,503,610,0.8245901639344262
himachal pradesh,Kullu,1022,1239,0.8248587570621468
madhya pradesh,Narmadapuram,608,737,0.824966078697422
tamil nadu,Erode,4964,6017,0.8249958451055344
chhattisgarh,Mahasamund,2773,3361,0.8250520678369533
jharkhand,Purbi Singhbhum,814,986,0.8255578093306288
maharashtra,Buldhana,5849,7084,0.8256634669678148
telangana,Narayanpet,1082,1310,0.8259541984732824
odisha,Boudh,1177,1424,0.8265449438202247
odisha,Malkangiri,2373,2870,0.8268292682926829
gujarat,Bhavnagar,8420,10174,0.8275997641045802
maharashtra,Jalna,4627,5590,0.8277280858676207
tamil nadu,Ramanathapuram,3318,4005,0.8284644194756554
telangana,Komaram Bheem,917,1106,0.8291139240506329
west bengal,Purba Bardhaman,2523,3041,0.8296612956264386
odisha,Khordha,1014,1222,0.8297872340425532
haryana,Nuh,1251,1506,0.8306772908366534
telangana,Mahabubabad,1249,1503,0.8310046573519627
odisha,Sundargarh,607,730,0.8315068493150685
karnataka,yadgir,573,689,0.8316400580551524
telangana,Medchal−malkajgiri,445,535,0.8317757009345794
odisha,Gajapati,1666,2002,0.8321678321678322
jammu and kashmir,Kupwara,2400,2884,0.8321775312066574
madhya pradesh,Shahdol,4410,5297,0.8325467245610723
karnataka,Vijayapura,4662,5596,0.8330950679056469
uttar pradesh,Kushinagar *,5,6,0.8333333333333334
jammu and kashmir,Kishtwar,1058,1269,0.8337273443656422
telangana,Warangal,2462,2952,0.8340108401084011
kerala,Wayanad,1265,1516,0.8344327176781002
tamil nadu,Thoothukkudi,4439,5319,0.8345553675502914
punjab,Patiala,4298,5150,0.8345631067961164
odisha,Sundergarh,3341,4001,0.8350412396900775
uttarakhand,Udham Singh Nagar,5092,6095,0.8354388843314192
madhya pradesh,Sagar,11572,13841,0.8360667581822123
madhya pradesh,Betul,6829,8166,0.8362723487631644
maharashtra,Amravati,5783,6915,0.836297903109183
chhattisgarh,Kanker,1426,1705,0.8363636363636363
andhra pradesh,Medak,1176,1406,0.8364153627311522
tamil nadu,Karur,3362,4019,0.8365264991291366
telangana,Jogulamba Gadwal,1543,1844,0.836767895878525
karnataka,Mysuru,3650,4361,0.8369639990827792
tamil nadu,Theni,2908,3473,0.8373164411171897
madhya pradesh,Damoh,5081,6066,0.8376195186284207
andhra pradesh,Karimnagar,552,659,0.8376327769347496
chhattisgarh,Bilaspur,7490,8941,0.8377139022480707
karnataka,Gulbarga,3650,4356,0.8379247015610652
gujarat,Tapi,1856,2212,0.8390596745027125
chhattisgarh,Dakshin Bastar Dantewada,1028,1224,0.8398692810457516
chhattisgarh,Janjgir Champa,21,25,0.84
andhra pradesh,Prakasam,6405,7623,0.8402203856749312
himachal pradesh,Kinnaur,137,163,0.8404907975460123
west bengal,South Dinajpur,375,446,0.8408071748878924
tamil nadu,Sivaganga,3740,4446,0.8412055780476833
odisha,Bargarh,4411,5239,0.8419545714831075
maharashtra,Akola,3966,4708,0.8423959218351742
telangana,Adilabad,2517,2987,0.842651489789086
madhya pradesh,Neemuch,4183,4964,0.8426672038678485
jammu and kashmir,Baramula,3198,3794,0.8429098576700053
tamil nadu,Dharmapuri,4840,5739,0.8433525004356159
madhya pradesh,Satna,11198,13276,0.8434769508888219
maharashtra,Raigarh,4414,5230,0.8439770554493308
telangana,Mancherial,924,1094,0.8446069469835467
odisha,Puri,3153,3731,0.8450817475207719
madhya pradesh,Shajapur,5937,7025,0.8451245551601424
tamil nadu,Tiruchirappalli,8396,9932,0.8453483689085783
punjab,Shaheed Bhagat Singh Nagar,801,946,0.846723044397463
andhra pradesh,N. T. R,790,933,0.8467309753483387
tamil nadu,Viluppuram,4341,5122,0.8475204998047637
chhattisgarh,Gariyaband,1307,1542,0.8476005188067445
west bengal,East Midnapore,1796,2118,0.8479697828139755
andhra pradesh,Annamayya,868,1021,0.8501469147894222
punjab,Fatehgarh Sahib,891,1048,0.8501908396946565
punjab,Hoshiarpur,3515,4134,0.8502660861151428
karnataka,Bangalore Rural,2251,2644,0.8513615733736762
odisha,Subarnapur,345,405,0.8518518518518519
punjab,Fazilka,1630,1911,0.8529565672422815
odisha,Sonapur,1288,1510,0.8529801324503311
maharashtra,Nagpur,10093,11828,0.8533141697666554
andaman and nicobar islands,Nicobar,64,75,0.8533333333333334
telangana,Suryapet,1743,2042,0.8535749265426053
madhya pradesh,Jabalpur,10653,12467,0.8544958690944092
odisha,Kandhamal,2633,3081,0.854592664719247
chhattisgarh,Sarangarh-Bilaigarh,159,186,0.8548387096774194
maharashtra,Satara,5148,6021,0.8550074738415545
andhra pradesh,Bapatla,421,492,0.8556910569105691
karnataka,Kalaburagi,4096,4782,0.8565453785027185
west bengal,HOOGHLY,6,7,0.8571428571428571
telangana,Warangal (urban),6,7,0.8571428571428571
odisha,Angul,2582,3009,0.8580923894981721
tamil nadu,Tirunelveli,8303,9675,0.8581912144702842
chhattisgarh,Korba,3040,3542,0.8582721626199887
karnataka,Bellary,3623,4220,0.8585308056872037
tamil nadu,Vellore,8271,9633,0.8586110246029275
maharashtra,Kolhapur,6423,7480,0.8586898395721925
andhra pradesh,Nellore,4611,5367,0.859139183901621
karnataka,Vijayanagara,1822,2119,0.8598395469561114
gujarat,Bharuch,3745,4351,0.8607216731785796
west bengal,Birbhum,13361,15509,0.8614997743245857
chhattisgarh,Durg,3528,4095,0.8615384615384616
maharashtra,Gondia,25,29,0.8620689655172413
karnataka,Bagalkot,6158,7142,0.8622234668160179
madhya pradesh,Hoshangabad,5158,5982,0.8622534269475092
madhya pradesh,Rewa,9346,10838,0.862336224395645
uttarakhand,Uttarkashi,978,1132,0.8639575971731449
tamil nadu,Villupuram,5854,6772,0.864441819255759
andhra pradesh,Nizamabad,453,524,0.8645038167938931
uttarakhand,Nainital,3417,3951,0.8648443432042521
madhya pradesh,Mauganj,379,438,0.865296803652968
madhya pradesh,Singrauli,5669,6550,0.8654961832061069
andhra pradesh,Karim Nagar,71,82,0.8658536585365854
punjab,Gurdaspur,4436,5120,0.86640625
chhattisgarh,Raigarh,4294,4956,0.8664245359160614
karnataka,Ramanagar,2559,2949,0.8677517802644964
tamil nadu,Cuddalore,7493,8630,0.8682502896871379
karnataka,Belgaum,5861,6743,0.869197686489693
punjab,Moga,1335,1535,0.8697068403908795
punjab,S.A.S Nagar(Mohali),241,277,0.8700361010830325
telangana,Yadadri.,1380,1586,0.8701134930643127
madhya pradesh,Ujjain,12450,14308,0.8701425775789768
odisha,Ganjam,7063,8116,0.8702562838836866
tamil nadu,Mayiladuthurai,437,502,0.8705179282868526
karnataka,Koppal,4752,5451,0.8717666483214089
jammu and kashmir,Udhampur,2448,2808,0.8717948717948718
telangana,Peddapalli,513,588,0.8724489795918368
telangana,Jangoan,892,1022,0.87279843444227
uttarakhand,Pithoragarh,1065,1220,0.8729508196721312
tamil nadu,Namakkal,4257,4872,0.8737684729064039
tamil nadu,Ranipet,97,111,0.8738738738738738
maharashtra,Washim *,28,32,0.875
dadra and nagar haveli and daman and diu,Diu,84,96,0.875
tripura,Dhalai  *,28,32,0.875
odisha,Sambalpur,2255,2577,0.8750485060147458
madhya pradesh,Bhopal,11256,12862,0.8751360597107759
jammu and kashmir,Srinagar,2853,3259,0.8754219085609083
karnataka,Bagalkot *,218,249,0.8755020080321285
west bengal,Murshidabad,31442,35911,0.8755534515886497
chhattisgarh,Janjgir-champa,4066,4639,0.8764820004311275
maharashtra,Gadchiroli,2084,2374,0.8778433024431339
punjab,Firozpur,347,395,0.8784810126582279
uttarakhand,Tehri Garhwal,2444,2781,0.8788205681409564
punjab,Faridkot,793,902,0.8791574279379157
chhattisgarh,Mungeli,2600,2957,0.8792695299289821
chhattisgarh,Kawardha,1884,2142,0.8795518207282913
chhattisgarh,Baloda Bazar,4349,4944,0.8796521035598706
punjab,Sri Muktsar Sahib,1157,1315,0.8798479087452471
dadra and nagar haveli and daman and diu,Dadra & Nagar Haveli,22,25,0.88
punjab,Nawanshahr,169,192,0.8802083333333334
andhra pradesh,Alluri Sitharama Raju,1105,1255,0.8804780876494024
telangana,Karimnagar,5115,5808,0.8806818181818182
odisha,Nayagarh,2172,2466,0.8807785888077859
gujarat,Junagadh,4876,5536,0.8807803468208093
karnataka,Ballari,2450,2781,0.8809780654440849
chhattisgarh,Raipur,6205,7041,0.8812668655020593
tamil nadu,Virudhunagar,4769,5407,0.8820048085814685
telangana,Warangal Urban,585,663,0.8823529411764706
andhra pradesh,Palnadu,759,860,0.8825581395348837
punjab,Bathinda,2388,2704,0.8831360946745562
karnataka,Chikkamagaluru,1018,1151,0.8844483058210252
andhra pradesh,Kakinada,858,969,0.8854489164086687
odisha,Debagarh,783,883,0.8867497168742922
chhattisgarh,Bemetara,2458,2771,0.8870443883074702
madhya pradesh,Anuppur,2864,3226,0.8877867327960323
jammu and kashmir,Anantnag,2978,3354,0.8878950506857484
punjab,Mansa,998,1124,0.8879003558718861
uttarakhand,Champawat,769,866,0.8879907621247113
dadra and nagar haveli and daman and diu,Dadra and Nagar Haveli,739,832,0.8882211538461539
telangana,Hanumakonda,916,1030,0.8893203883495145
gujarat,Navsari,2453,2757,0.8897352194414219
madhya pradesh,Sidhi,5606,6292,0.8909726636999364
himachal pradesh,Shimla,1488,1670,0.8910179640718563
tamil nadu,Perambalur,1898,2130,0.8910798122065727
jammu and kashmir,Kathua,2643,2962,0.8923024983119514
karnataka,Chamrajanagar,1988,2227,0.8926807364167041
tamil nadu,Madurai,8875,9938,0.8930368283356812
odisha,Jagatsinghapur,2852,3184,0.8957286432160804
maharashtra,Buldana,963,1075,0.8958139534883721
punjab,Sangrur,2087,2329,0.8960927436668098
west bengal,Medinipur,26,29,0.896551724137931
jammu and kashmir,Badgam,1674,1867,0.8966256025709695
andhra pradesh,Y. S. R,738,823,0.8967193195625759
maharashtra,Chandrapur,4014,4475,0.8969832402234637
odisha,NUAPADA,35,39,0.8974358974358975
maharashtra,Washim,3041,3386,0.8981098641464855
uttarakhand,Almora,1228,1367,0.8983174835405998
mizoram,Mammit,71,79,0.8987341772151899
karnataka,Shivamogga,2004,2229,0.8990578734858681
madhya pradesh,Mandsaur,7444,8276,0.8994683421942967
punjab,Tarn Taran,2646,2939,0.9003062266076897
chhattisgarh,Kabeerdham,860,955,0.900523560209424
tamil nadu,Tirupattur,944,1048,0.9007633587786259
andhra pradesh,Guntur,8769,9729,0.9013259327782918
telangana,Warangal Rural,660,732,0.9016393442622951
karnataka,Chikkaballapur,2842,3152,0.9016497461928934
odisha,Jagatsinghpur,626,694,0.9020172910662824
tamil nadu,Tiruvannamalai,6556,7266,0.9022846132672723
gujarat,Narmada,1155,1280,0.90234375
andhra pradesh,Eluru,568,629,0.9030206677265501
haryana,Panipat,5498,6088,0.9030880420499343
uttarakhand,Pauri Garhwal,1677,1856,0.9035560344827587
maharashtra,Ratnagiri,2352,2603,0.9035728006146754
karnataka,Kodagu,1095,1211,0.9042113955408753
madhya pradesh,Maihar,378,418,0.9043062200956937
west bengal,Purba Medinipur,12954,14322,0.9044826141600335
karnataka,Davanagere,437,483,0.9047619047619048
jammu and kashmir,Samba,532,588,0.9047619047619048
karnataka,Belagavi,7063,7805,0.9049327354260089
chhattisgarh,Rajnandgaon,3791,4185,0.9058542413381123
madhya pradesh,Dindori,2409,2659,0.9059796916133885
karnataka,Dakshina Kannada,5896,6505,0.906379707916987
telangana,Siddipet,1701,1876,0.9067164179104478
tamil nadu,Tenkasi,1150,1268,0.9069400630914827
puducherry,Yanam,30,33,0.9090909090909091
chandigarh,Chandigarh,2473,2720,0.9091911764705882
uttarakhand,Bageshwar,675,742,0.9097035040431267
telangana,Nizamabad,5985,6577,0.9099893568496275
puducherry,Karaikal,517,567,0.9118165784832452
puducherry,Puducherry,1213,1330,0.91203007518797
andhra pradesh,Parvathipuram Manyam,464,508,0.9133858267716536
punjab,Ferozepur,1262,1381,0.9138305575669804
madhya pradesh,Seoni,5558,6081,0.9139944088143398
punjab,Barnala,926,1013,0.914116485686081
uttarakhand,Rudraprayag,874,956,0.9142259414225942
andhra pradesh,Chittoor,7493,8195,0.9143380109823063
andhra pradesh,Krishna,6163,6737,0.9147988719014398
punjab,Rupnagar,1140,1246,0.9149277688603531
karnataka,Chitradurga,4042,4413,0.9159302062089282
punjab,Muktsar,306,334,0.9161676646706587
madhya pradesh,Balaghat,6237,6805,0.9165319617927994
jammu and kashmir,Ganderbal,773,843,0.9169632265717675
karnataka,Chickmagalur,1129,1231,0.917140536149472
karnataka,Gadag,4088,4457,0.9172088849001571
karnataka,Davangere,4416,4813,0.9175150633700395
karnataka,Kolar,3841,4186,0.9175824175824175
telangana,Nirmal,1292,1401,0.9221984296930764
uttarakhand,Chamoli,1006,1090,0.9229357798165138
odisha,ANUGUL,12,13,0.9230769230769231
maharashtra,Ahilyanagar,12,13,0.9230769230769231
jammu and kashmir,Budgam,793,859,0.9231664726426076
karnataka,Haveri,3917,4242,0.9233851956624234
andhra pradesh,Ananthapur,1843,1994,0.9242728184553661
haryana,Mewat,6989,7558,0.9247155332098439
madhya pradesh,Chhindwara,8308,8981,0.9250640240507738
andhra pradesh,Anantapur,4089,4415,0.9261608154020385
haryana,Rohtak,3161,3413,0.9261646645180194
punjab,Pathankot,1033,1115,0.9264573991031391
odisha,Jharsuguda,1096,1182,0.9272419627749577
telangana,Kamareddy,1862,2008,0.9272908366533864
karnataka,Dharwad,4733,5103,0.9274936311973349
karnataka,Uttara Kannada,3219,3470,0.9276657060518732
andhra pradesh,Kurnool,10923,11770,0.9280373831775701
haryana,Palwal,4367,4703,0.9285562406974271
uttarakhand,Garhwal,52,56,0.9285714285714286
jammu and kashmir,Pulwama,1742,1875,0.9290666666666667
andhra pradesh,Dr. B. R. Ambedkar Konaseema,618,665,0.9293233082706767
karnataka,Udupi,3338,3591,0.9295460874408242
karnataka,Mysore,2857,3073,0.9297103807354377
maharashtra,Gondiya *,53,57,0.9298245614035088
haryana,Panchkula,1287,1384,0.9299132947976878
andhra pradesh,Cuddapah,5519,5934,0.9300640377485676
karnataka,Tumakuru,2792,3000,0.9306666666666666
karnataka,Gadag *,135,145,0.9310344827586207
karnataka,Chamarajanagar,232,249,0.9317269076305221
maharashtra,Sindhudurg,1121,1202,0.93261231281198
andhra pradesh,East Godavari,7161,7678,0.9326647564469914
telangana,Jagitial,1488,1595,0.9329153605015674
west bengal,MALDA,14,15,0.9333333333333333
andaman and nicobar islands,Andamans,70,75,0.9333333333333333
haryana,Sonipat,4314,4619,0.9339683914267157
karnataka,Shimoga,2111,2260,0.934070796460177
haryana,Mahendragarh,2575,2754,0.9350036310820624
karnataka,Hassan,2333,2494,0.9354450681635926
karnataka,Tumkur,2754,2942,0.9360978925900748
puducherry,Pondicherry,1018,1087,0.9365225390984361
karnataka,Chamrajnagar,356,380,0.9368421052631579
andhra pradesh,Sri Sathya Sai,879,938,0.9371002132196162
haryana,Rewari,2329,2485,0.9372233400402414
andhra pradesh,West Godavari,5568,5935,0.9381634372367312
telangana,Rajanna Sircilla,834,888,0.9391891891891891
himachal pradesh,Solan,1105,1176,0.939625850340136
haryana,Sirsa,3135,3335,0.9400299850074962
andhra pradesh,Visakhapatnam,7688,8178,0.9400831499144044
tamil nadu,Kanniyakumari,2139,2275,0.9402197802197803
haryana,Hisar,4927,5234,0.9413450515857853
karnataka,Chikmagalur,145,154,0.9415584415584416
tamil nadu,Kanyakumari,1896,2005,0.9456359102244389
lakshadweep,Lakshadweep,192,203,0.9458128078817734
madhya pradesh,Mandla,4645,4911,0.9458358786397882
karnataka,Mandya,3401,3594,0.94629938786867
andhra pradesh,Ananthapuramu,3018,3187,0.9469720740508315
andaman and nicobar islands,South Andaman,216,228,0.9473684210526315
himachal pradesh,Lahul & Spiti,36,38,0.9473684210526315
karnataka,Haveri *,111,117,0.9487179487179487
haryana,Yamunanagar,56,59,0.9491525423728814
andhra pradesh,Nandyal,860,905,0.9502762430939227
karnataka,Hasan,944,993,0.9506545820745217
haryana,Ambala,3063,3218,0.95183343691734
haryana,Bhiwani,3321,3489,0.9518486672398968
maharashtra,Wardha,1859,1953,0.9518689196108551
chhattisgarh,Dhamtari,1876,1968,0.9532520325203252
himachal pradesh,Sirmaur,1510,1584,0.9532828282828283
haryana,Karnal,3861,4048,0.9538043478260869
chhattisgarh,Balod,1603,1678,0.9553039332538736
himachal pradesh,Chamba,1586,1657,0.9571514785757392
andhra pradesh,Vizianagaram,3695,3856,0.958246887966805
haryana,Jhajjar,2515,2624,0.9584603658536586
haryana,Fatehabad,2510,2612,0.9609494640122511
maharashtra,Gondiya,2780,2890,0.9619377162629758
haryana,Kurukshetra,2315,2404,0.9629783693843594
andhra pradesh,Anakapalli,523,543,0.9631675874769797
haryana,Yamuna Nagar,3278,3396,0.9652532391048292
andhra pradesh,Srikakulam,4157,4300,0.9667441860465116
haryana,Kaithal,2894,2991,0.9675693747910398
maharashtra,Bhandara,1842,1903,0.9679453494482396
himachal pradesh,Lahul and Spiti,31,32,0.96875
andaman and nicobar islands,North And Middle Andaman,128,132,0.9696969696969697
chhattisgarh,Janjgir - Champa,32,33,0.9696969696969697
himachal pradesh,Kangra,3869,3966,0.975542107917297
haryana,Jind,3729,3821,0.9759225333682282
haryana,Charkhi Dadri,839,858,0.9778554778554779
himachal pradesh,Mandi,2460,2514,0.9785202863961814
himachal pradesh,Una,1226,1247,0.983159582999198
himachal pradesh,Hamirpur,1181,1198,0.9858096828046744
himachal pradesh,Bilaspur,985,999,0.985985985985986
west bengal,Hooghiy,1,1,1.0
andaman and nicobar islands,Nicobars,1,1,1.0
mizoram,Hnahthial,2,2,1.0
meghalaya,Jaintia Hills,4,4,1.0
maharashtra,Hingoli *,1,1,1.0
odisha,Kendrapara *,1,1,1.0
west bengal,South 24 parganas,2,2,1.0
karnataka,Udupi *,2,2,1.0
karnataka,Chamarajanagar *,23,23,1.0
karnataka,Bijapur(KAR),3,3,1.0
jharkhand,Bokaro *,2,2,1.0
jammu and kashmir,punch,1,1,1.0
jammu and kashmir,Leh (ladakh),3,3,1.0
jammu and kashmir,Bandipur,2,2,1.0
andhra pradesh,chittoor,4,4,1.0
himachal pradesh,Lahaul and Spiti,3,3,1.0
delhi,North East   *,2,2,1.0
tamil nadu,Tiruvarur,1,1,1.0
rajasthan,Balotra,1,1,1.0
west bengal,NADIA,3,3,1.0
west bengal,Burdwan,2,2,1.0
tamil nadu,Tirupathur,4,4,1.0
rajasthan,Beawar,1,1,1.0
andhra pradesh,Mahabubnagar,7,7,1.0
rajasthan,Didwana-Kuchaman,2,2,1.0
rajasthan,Salumbar,1,1,1.0
west bengal,East Midnapur,1,1,1.0
chandigarh,Rupnagar,3,3,1.0
andhra pradesh,rangareddi,1,1,1.0
goa,Bardez,2,2,1.0
odisha,ANGUL,1,1,1.0
